<?xml version="1.0" encoding="windows-1252"?>
<!DOCTYPE faces-config PUBLIC
  "-//Sun Microsystems, Inc.//DTD JavaServer Faces Config 1.1//EN"
  "http://java.sun.com/dtd/web-facesconfig_1_1.dtd">
<faces-config xmlns="http://java.sun.com/JSF/Configuration">
   <managed-bean>
      <managed-bean-name>inventoryManagerBean</managed-bean-name>
      <managed-bean-class>oracle.toplink.jpa.example.inventory.ui.InventoryManagerBean</managed-bean-class>
      <managed-bean-scope>session</managed-bean-scope>
      <managed-property>
         <property-name>inventoryService</property-name>
         <value>#{inventoryService}</value>
      </managed-property>
      <managed-property>
         <property-name>orderService</property-name>
         <value>#{orderService}</value>
      </managed-property>
   </managed-bean>

   <managed-bean>
      <managed-bean-name>jpaResourceBean</managed-bean-name>
      <managed-bean-class>oracle.toplink.jpa.example.inventory.services.impl.JPAResourceBean</managed-bean-class>
      <managed-bean-scope>application</managed-bean-scope>
   </managed-bean>
   <managed-bean>
      <managed-bean-name>inventoryService</managed-bean-name>
      <managed-bean-class>oracle.toplink.jpa.example.inventory.services.impl.ManagedInventoryBean</managed-bean-class>
      <managed-bean-scope>session</managed-bean-scope>
      <managed-property>
         <property-name>jpaResourceBean</property-name>
         <value>#{jpaResourceBean}</value>
      </managed-property>
   </managed-bean>
   <navigation-rule>
      <from-view-id>/main.jsp</from-view-id>
      <navigation-case>
         <from-outcome>orderItem</from-outcome>
         <to-view-id>/orderItem.jsp</to-view-id>
      </navigation-case>
   </navigation-rule>
   <managed-bean>
      <managed-bean-name>orderService</managed-bean-name>
      <managed-bean-class>oracle.toplink.jpa.example.inventory.services.impl.ManagedOrderBean</managed-bean-class>
      <managed-bean-scope>session</managed-bean-scope>
      <managed-property>
         <property-name>jpaResourceBean</property-name>
         <value>#{jpaResourceBean}</value>
      </managed-property>
   </managed-bean>
   <navigation-rule>
      <from-view-id>/orderItem.jsp</from-view-id>
      <navigation-case>
         <from-outcome>orderEntry</from-outcome>
         <to-view-id>/orderEntry.jsp</to-view-id>
      </navigation-case>
      <navigation-case>
         <from-outcome>result</from-outcome>
         <to-view-id>/operationOutcome.jsp</to-view-id>
      </navigation-case>
      <navigation-case>
         <from-outcome>inventory</from-outcome>
         <to-view-id>/main.jsp</to-view-id>
      </navigation-case>
   </navigation-rule>
   <navigation-rule>
      <from-view-id>/orderEntry.jsp</from-view-id>
      <navigation-case>
         <from-outcome>result</from-outcome>
         <to-view-id>/operationOutcome.jsp</to-view-id>
      </navigation-case>
      <navigation-case>
         <from-outcome>cancel</from-outcome>
         <to-view-id>/orderItem.jsp</to-view-id>
      </navigation-case>
   </navigation-rule>
   <navigation-rule>
      <from-view-id>/operationOutcome.jsp</from-view-id>
      <navigation-case>
         <from-outcome>inventory</from-outcome>
         <to-view-id>/orderItem.jsp</to-view-id>
      </navigation-case>
   </navigation-rule>
</faces-config>